-- phpMyAdmin SQL Dump
-- version 4.9.1
-- https://www.phpmyadmin.net/
--
-- Host: 127.0.0.1
-- Generation Time: Nov 27, 2019 at 07:35 AM
-- Server version: 10.4.8-MariaDB
-- PHP Version: 7.3.11

SET SQL_MODE = "NO_AUTO_VALUE_ON_ZERO";
SET AUTOCOMMIT = 0;
START TRANSACTION;
SET time_zone = "+00:00";


/*!40101 SET @OLD_CHARACTER_SET_CLIENT=@@CHARACTER_SET_CLIENT */;
/*!40101 SET @OLD_CHARACTER_SET_RESULTS=@@CHARACTER_SET_RESULTS */;
/*!40101 SET @OLD_COLLATION_CONNECTION=@@COLLATION_CONNECTION */;
/*!40101 SET NAMES utf8mb4 */;

--
-- Database: `sensor_database`
--

-- --------------------------------------------------------

--
-- Table structure for table `energy_reading`
--

CREATE TABLE `energy_reading` (
  `id` int(11) NOT NULL,
  `sensor_id` char(6) NOT NULL,
  `voltage` float NOT NULL,
  `current` float NOT NULL,
  `timestamp` datetime NOT NULL
) ENGINE=InnoDB DEFAULT CHARSET=utf8mb4;

--
-- Dumping data for table `energy_reading`
--

INSERT INTO `energy_reading` (`id`, `sensor_id`, `voltage`, `current`, `timestamp`) VALUES
(780, 'PSN001', 12, 5, '2019-11-21 13:35:01'),
(781, 'PSN003', 12, 4, '2019-11-21 13:35:09'),
(782, 'PSN001', 12, 5, '2019-11-21 13:35:10'),
(783, 'PSN003', 12, 2, '2019-11-21 13:35:18'),
(784, 'PSN001', 12, 5, '2019-11-21 13:35:20'),
(785, 'PSN003', 12, 3, '2019-11-21 13:35:27'),
(786, 'PSN001', 12, 5, '2019-11-21 13:35:29'),
(787, 'PSN003', 12, 0, '2019-11-21 13:35:37'),
(788, 'PSN001', 12, 5, '2019-11-21 13:35:38'),
(789, 'PSN003', 12, 2, '2019-11-21 13:35:46'),
(790, 'PSN001', 12, 5, '2019-11-21 13:35:47'),
(791, 'PSN003', 12, 1, '2019-11-21 13:35:55'),
(792, 'PSN001', 12, 5, '2019-11-21 13:35:56'),
(793, 'PSN003', 12, 3, '2019-11-21 13:36:04'),
(794, 'PSN001', 12, 5, '2019-11-21 13:36:05'),
(795, 'PSN003', 12, 2, '2019-11-21 13:36:13'),
(796, 'PSN001', 12, 5, '2019-11-21 13:36:15'),
(797, 'PSN003', 12, 1, '2019-11-21 13:36:23'),
(798, 'PSN001', 12, 5, '2019-11-21 13:36:24'),
(799, 'PSN003', 12, 0, '2019-11-21 13:36:32'),
(800, 'PSN001', 12, 5, '2019-11-21 13:36:33'),
(801, 'PSN003', 12, 1, '2019-11-21 13:36:41'),
(802, 'PSN001', 12, 5, '2019-11-21 13:36:42'),
(803, 'PSN003', 12, 3, '2019-11-21 13:36:50'),
(804, 'PSN001', 12, 5, '2019-11-21 13:36:52'),
(805, 'PSN003', 12, 1, '2019-11-21 13:36:59'),
(806, 'PSN001', 12, 5, '2019-11-21 13:37:01'),
(807, 'PSN003', 12, 0, '2019-11-21 13:37:09'),
(808, 'PSN001', 12, 5, '2019-11-21 13:37:10'),
(809, 'PSN003', 12, 6, '2019-11-21 13:37:18'),
(810, 'PSN001', 12, 5, '2019-11-21 13:37:19'),
(811, 'PSN003', 12, 4, '2019-11-21 13:37:27'),
(812, 'PSN001', 12, 5, '2019-11-21 13:37:28'),
(813, 'PSN003', 12, 0, '2019-11-21 13:37:36'),
(814, 'PSN001', 12, 5, '2019-11-21 13:47:51'),
(815, 'PSN001', 12, 5, '2019-11-21 13:48:00'),
(816, 'PSN001', 12, 5, '2019-11-21 13:48:09'),
(817, 'PSN003', 12, 0, '2019-11-21 13:51:01'),
(818, 'PSN001', 12, 5, '2019-11-21 13:51:03'),
(819, 'PSN003', 12, 2, '2019-11-21 13:51:10'),
(820, 'PSN001', 12, 5, '2019-11-21 13:51:12'),
(821, 'PSN003', 12, 0, '2019-11-21 13:51:19'),
(822, 'PSN001', 12, 5, '2019-11-21 13:51:22'),
(823, 'PSN003', 12, 0, '2019-11-21 13:51:28'),
(824, 'PSN001', 12, 5, '2019-11-21 13:51:31'),
(825, 'PSN003', 12, 3, '2019-11-21 13:51:37'),
(826, 'PSN001', 12, 5, '2019-11-21 13:51:40'),
(827, 'PSN003', 12, 0, '2019-11-21 13:51:47'),
(828, 'PSN001', 12, 5, '2019-11-21 13:51:49'),
(829, 'PSN003', 12, 0, '2019-11-21 13:51:56'),
(830, 'PSN001', 12, 5, '2019-11-21 13:51:59'),
(831, 'PSN003', 12, 0, '2019-11-21 13:52:05'),
(832, 'PSN001', 12, 5, '2019-11-21 13:52:08'),
(833, 'PSN003', 12, 0, '2019-11-21 13:52:14'),
(834, 'PSN001', 12, 5, '2019-11-21 13:52:17'),
(835, 'PSN001', 12, 5, '2019-11-21 14:09:28'),
(836, 'PSN001', 12, 5, '2019-11-21 14:09:37'),
(837, 'PSN003', 12, 0, '2019-11-21 14:09:40'),
(838, 'PSN001', 12, 5, '2019-11-21 14:09:46'),
(839, 'PSN003', 12, 0, '2019-11-21 14:09:49'),
(840, 'PSN001', 12, 5, '2019-11-21 14:09:55'),
(841, 'PSN003', 12, 0, '2019-11-21 14:09:58'),
(842, 'PSN001', 12, 5, '2019-11-21 14:10:04'),
(843, 'PSN003', 12, 0, '2019-11-21 14:10:08'),
(844, 'PSN001', 12, 5, '2019-11-21 14:10:14'),
(845, 'PSN003', 12, 0, '2019-11-21 14:10:17'),
(846, 'PSN001', 12, 5, '2019-11-21 14:10:23'),
(847, 'PSN003', 12, 0, '2019-11-21 14:10:26'),
(848, 'PSN001', 12, 5, '2019-11-21 14:10:32'),
(849, 'PSN003', 12, 0, '2019-11-21 14:10:35'),
(850, 'PSN001', 12, 5, '2019-11-21 14:10:41'),
(851, 'PSN003', 12, 0, '2019-11-21 14:10:44'),
(852, 'PSN001', 12, 5, '2019-11-21 14:10:50'),
(853, 'PSN003', 12, 0, '2019-11-21 14:10:54'),
(854, 'PSN001', 12, 5, '2019-11-21 14:11:00'),
(855, 'PSN003', 12, 0, '2019-11-21 14:11:03'),
(856, 'PSN001', 12, 5, '2019-11-21 14:11:09'),
(857, 'PSN003', 12, 0, '2019-11-21 14:11:12'),
(858, 'PSN001', 12, 5, '2019-11-21 14:11:18'),
(859, 'PSN003', 12, 0, '2019-11-21 14:11:21'),
(860, 'PSN001', 12, 5, '2019-11-21 14:11:28'),
(861, 'PSN003', 12, 0, '2019-11-21 14:11:30'),
(862, 'PSN001', 12, 5, '2019-11-21 14:11:37'),
(863, 'PSN003', 12, 0, '2019-11-21 14:11:40'),
(864, 'PSN001', 12, 5, '2019-11-21 14:11:46'),
(865, 'PSN003', 12, 0, '2019-11-21 14:11:49'),
(866, 'PSN001', 12, 5, '2019-11-21 14:11:55'),
(867, 'PSN003', 12, 0, '2019-11-21 14:11:59'),
(868, 'PSN001', 12, 5, '2019-11-21 14:12:04'),
(869, 'PSN003', 12, 0, '2019-11-21 14:12:08'),
(870, 'PSN001', 12, 5, '2019-11-21 14:12:14'),
(871, 'PSN003', 12, 0, '2019-11-21 14:12:18'),
(872, 'PSN001', 12, 5, '2019-11-21 14:12:23'),
(873, 'PSN003', 12, 0, '2019-11-21 14:12:27'),
(874, 'PSN001', 12, 5, '2019-11-21 14:12:32'),
(875, 'PSN003', 12, 0, '2019-11-21 14:12:36'),
(876, 'PSN001', 12, 5, '2019-11-21 14:12:41'),
(877, 'PSN003', 12, 0, '2019-11-21 14:12:46'),
(878, 'PSN001', 12, 5, '2019-11-21 14:12:51'),
(879, 'PSN003', 12, 0, '2019-11-21 14:12:55'),
(880, 'PSN001', 12, 5, '2019-11-21 14:13:00'),
(881, 'PSN003', 12, 0, '2019-11-21 14:13:04'),
(882, 'PSN001', 12, 5, '2019-11-21 14:13:09'),
(883, 'PSN003', 12, 0, '2019-11-21 14:13:13'),
(884, 'PSN001', 12, 5, '2019-11-21 14:13:18'),
(885, 'PSN003', 12, 0, '2019-11-21 14:13:22'),
(886, 'PSN001', 12, 5, '2019-11-21 14:13:28'),
(887, 'PSN003', 12, 0, '2019-11-21 14:13:32'),
(888, 'PSN001', 12, 5, '2019-11-21 14:13:37'),
(889, 'PSN003', 12, 0, '2019-11-21 14:13:41'),
(890, 'PSN001', 12, 5, '2019-11-21 14:13:46'),
(891, 'PSN003', 12, 0, '2019-11-21 14:13:50'),
(892, 'PSN001', 12, 5, '2019-11-21 14:13:55'),
(893, 'PSN003', 12, 0, '2019-11-21 14:13:59'),
(894, 'PSN001', 12, 5, '2019-11-21 14:14:04'),
(895, 'PSN003', 12, 0, '2019-11-21 14:14:09'),
(896, 'PSN001', 12, 5, '2019-11-21 14:14:14'),
(897, 'PSN003', 12, 0, '2019-11-21 14:14:18'),
(898, 'PSN001', 12, 5, '2019-11-21 14:14:23'),
(899, 'PSN003', 12, 0, '2019-11-21 14:14:27'),
(900, 'PSN001', 12, 5, '2019-11-21 14:14:32'),
(901, 'PSN003', 12, 0, '2019-11-21 14:14:36'),
(902, 'PSN001', 12, 5, '2019-11-21 14:14:41'),
(903, 'PSN003', 12, 0, '2019-11-21 14:14:46'),
(904, 'PSN001', 12, 5, '2019-11-21 14:14:50'),
(905, 'PSN003', 12, 0, '2019-11-21 14:14:55'),
(906, 'PSN001', 12, 5, '2019-11-21 14:15:00'),
(907, 'PSN003', 12, 0, '2019-11-21 14:15:04'),
(908, 'PSN001', 12, 5, '2019-11-21 14:15:09'),
(909, 'PSN003', 12, 0, '2019-11-21 14:15:13'),
(910, 'PSN001', 12, 5, '2019-11-21 14:15:18'),
(911, 'PSN003', 12, 0, '2019-11-21 14:15:22'),
(912, 'PSN001', 12, 5, '2019-11-21 14:15:27'),
(913, 'PSN003', 12, 0, '2019-11-21 14:15:31'),
(914, 'PSN001', 12, 5, '2019-11-21 14:15:36'),
(915, 'PSN003', 12, 0, '2019-11-21 14:15:41'),
(916, 'PSN001', 12, 5, '2019-11-21 14:15:46'),
(917, 'PSN003', 12, 0, '2019-11-21 14:15:50'),
(918, 'PSN001', 12, 5, '2019-11-21 14:15:55'),
(919, 'PSN003', 12, 0, '2019-11-21 14:15:59'),
(920, 'PSN001', 12, 5, '2019-11-21 14:16:04'),
(921, 'PSN003', 12, 0, '2019-11-21 14:16:08'),
(922, 'PSN001', 12, 5, '2019-11-21 14:16:13'),
(923, 'PSN003', 12, 0, '2019-11-21 14:16:18'),
(924, 'PSN001', 12, 5, '2019-11-21 14:16:22'),
(925, 'PSN003', 12, 0, '2019-11-21 14:16:27'),
(926, 'PSN001', 12, 5, '2019-11-21 14:16:32'),
(927, 'PSN003', 12, 0, '2019-11-21 14:16:36'),
(928, 'PSN001', 12, 5, '2019-11-21 14:16:41'),
(929, 'PSN003', 12, 0, '2019-11-21 14:16:45'),
(930, 'PSN001', 12, 5, '2019-11-21 14:16:50'),
(931, 'PSN003', 12, 0, '2019-11-21 14:16:54'),
(932, 'PSN001', 12, 5, '2019-11-21 14:16:59'),
(933, 'PSN003', 12, 0, '2019-11-21 14:17:03'),
(934, 'PSN001', 12, 5, '2019-11-21 14:17:08'),
(935, 'PSN003', 12, 0, '2019-11-21 14:17:13'),
(936, 'PSN001', 12, 5, '2019-11-21 14:17:17'),
(937, 'PSN003', 12, 0, '2019-11-21 14:17:22'),
(938, 'PSN001', 12, 5, '2019-11-21 14:17:27'),
(939, 'PSN003', 12, 0, '2019-11-21 14:17:31'),
(940, 'PSN001', 12, 5, '2019-11-21 14:17:36'),
(941, 'PSN003', 12, 0, '2019-11-21 14:17:41'),
(942, 'PSN001', 12, 5, '2019-11-21 14:17:45'),
(943, 'PSN003', 12, 0, '2019-11-21 14:17:50'),
(944, 'PSN001', 12, 5, '2019-11-21 14:17:54'),
(945, 'PSN003', 12, 0, '2019-11-21 14:17:59'),
(946, 'PSN001', 12, 5, '2019-11-21 14:18:03'),
(947, 'PSN003', 12, 0.51, '2019-11-21 14:18:08'),
(948, 'PSN001', 12, 5, '2019-11-21 14:18:12'),
(949, 'PSN003', 12, 0.3, '2019-11-21 14:18:17'),
(950, 'PSN001', 12, 5, '2019-11-21 14:18:22'),
(951, 'PSN003', 11, 0.7, '2019-11-21 14:18:27'),
(952, 'PSN001', 12, 5, '2019-11-21 14:18:31'),
(953, 'PSN003', 12, 0.6, '2019-11-21 14:18:36'),
(954, 'PSN001', 10.1, 5, '2019-11-21 14:18:40'),
(955, 'PSN003', 12, 1, '2019-11-21 14:18:45'),
(956, 'PSN001', 12, 5, '2019-11-21 14:18:49'),
(957, 'PSN003', 12, 1, '2019-11-21 14:18:54'),
(958, 'PSN001', 11.9, 5, '2019-11-21 14:18:59'),
(959, 'PSN003', 12, 1, '2019-11-21 14:19:04'),
(960, 'PSN001', 11.8, 5, '2019-11-21 14:19:08'),
(961, 'PSN003', 12, 0.5, '2019-11-21 14:19:13'),
(962, 'PSN001', 11.9, 5, '2019-11-21 14:19:17'),
(963, 'PSN003', 12, 1.7, '2019-11-21 14:19:22'),
(964, 'PSN001', 12, 5, '2019-11-21 14:19:26'),
(965, 'PSN003', 11.9, 1.5, '2019-11-21 14:19:31'),
(966, 'PSN001', 12, 5, '2019-11-21 14:19:35'),
(967, 'PSN003', 11.9, 1.8, '2019-11-21 14:19:41'),
(968, 'PSN001', 11.9, 5, '2019-11-21 14:19:45'),
(969, 'PSN003', 12, 2.1, '2019-11-21 14:19:50'),
(970, 'PSN001', 11.2, 5, '2019-11-21 14:19:54'),
(971, 'PSN003', 12, 2, '2019-11-21 14:19:59'),
(972, 'PSN001', 12, 5, '2019-11-21 14:20:03'),
(973, 'PSN003', 12, 1.6, '2019-11-21 14:20:08'),
(974, 'PSN001', 11.88, 5, '2019-11-21 14:20:12'),
(975, 'PSN003', 12, 0.7, '2019-11-21 14:20:17'),
(976, 'PSN001', 11.99, 5, '2019-11-21 14:20:21'),
(977, 'PSN003', 12.2, 0.5, '2019-11-21 14:20:27'),
(978, 'PSN001', 12.1, 5, '2019-11-21 14:20:30'),
(979, 'PSN003', 11.99, 1.1, '2019-11-21 14:20:36'),
(980, 'PSN001', 11.9, 5, '2019-11-21 14:20:40'),
(981, 'PSN003', 12, 1.4, '2019-11-21 14:20:45'),
(982, 'PSN001', 11.8, 5, '2019-11-21 14:20:49'),
(983, 'PSN003', 11.5, 1.3, '2019-11-21 14:20:54'),
(984, 'PSN001', 11.7, 5, '2019-11-21 14:20:58'),
(985, 'PSN003', 12, 1.2, '2019-11-21 14:21:03'),
(986, 'PSN001', 11.8, 5, '2019-11-21 14:21:07'),
(987, 'PSN003', 12, 1, '2019-11-21 14:21:13');

-- --------------------------------------------------------

--
-- Table structure for table `relay_control`
--

CREATE TABLE `relay_control` (
  `id` int(11) NOT NULL,
  `sensor_id` char(6) NOT NULL,
  `status` char(2) NOT NULL,
  `override` varchar(3) NOT NULL
) ENGINE=InnoDB DEFAULT CHARSET=utf8mb4;

--
-- Dumping data for table `relay_control`
--

INSERT INTO `relay_control` (`id`, `sensor_id`, `status`, `override`) VALUES
(1, 'ESN001', 'TR', 'YES'),
(2, 'PSN001', 'FL', 'YES'),
(3, 'PSN002', 'FL', 'YES'),
(4, 'PSN003', 'FL', 'YES'),
(5, 'PSN004', 'TR', 'YES');

-- --------------------------------------------------------

--
-- Table structure for table `sensor`
--

CREATE TABLE `sensor` (
  `id` char(6) NOT NULL,
  `sensor_name` varchar(50) NOT NULL,
  `sensor_type` varchar(50) NOT NULL
) ENGINE=InnoDB DEFAULT CHARSET=utf8mb4;

--
-- Dumping data for table `sensor`
--

INSERT INTO `sensor` (`id`, `sensor_name`, `sensor_type`) VALUES
('ESN001', 'Wind Sensor Node', 'wind'),
('PSN001', 'Electrical Sensor Node #1', 'electrical'),
('PSN002', 'Electrical Sensor Node #2', 'electrical'),
('PSN003', 'Electrical Sensor Node #3', 'electrical'),
('PSN004', 'Electrical Sensor Node #4', 'electrical');

-- --------------------------------------------------------

--
-- Table structure for table `wind_speed_reading`
--

CREATE TABLE `wind_speed_reading` (
  `id` int(11) NOT NULL,
  `sensor_id` char(6) NOT NULL,
  `value` float NOT NULL,
  `timestamp` datetime NOT NULL
) ENGINE=InnoDB DEFAULT CHARSET=utf8mb4;

--
-- Dumping data for table `wind_speed_reading`
--

INSERT INTO `wind_speed_reading` (`id`, `sensor_id`, `value`, `timestamp`) VALUES
(649, 'ESN001', 1, '2019-11-21 13:35:01'),
(650, 'ESN001', 1, '2019-11-21 13:35:10'),
(651, 'ESN001', 1, '2019-11-21 13:35:20'),
(652, 'ESN001', 1, '2019-11-21 13:35:29'),
(653, 'ESN001', 1, '2019-11-21 13:35:38'),
(654, 'ESN001', 1, '2019-11-21 13:35:47'),
(655, 'ESN001', 1, '2019-11-21 13:35:57'),
(656, 'ESN001', 1, '2019-11-21 13:36:06'),
(657, 'ESN001', 1, '2019-11-21 13:36:15'),
(658, 'ESN001', 1, '2019-11-21 13:36:24'),
(659, 'ESN001', 1, '2019-11-21 13:36:33'),
(660, 'ESN001', 1, '2019-11-21 13:36:43'),
(661, 'ESN001', 1, '2019-11-21 13:36:52'),
(662, 'ESN001', 1, '2019-11-21 13:37:01'),
(663, 'ESN001', 1, '2019-11-21 13:37:10'),
(664, 'ESN001', 1, '2019-11-21 13:37:20'),
(665, 'ESN001', 1, '2019-11-21 13:37:29'),
(666, 'ESN001', 1, '2019-11-21 13:47:50'),
(667, 'ESN001', 1, '2019-11-21 13:47:59'),
(668, 'ESN001', 1, '2019-11-21 13:48:09'),
(669, 'ESN001', 1, '2019-11-21 13:48:18'),
(670, 'ESN001', 1, '2019-11-21 13:51:05'),
(671, 'ESN001', 1, '2019-11-21 13:51:15'),
(672, 'ESN001', 1, '2019-11-21 13:51:24'),
(673, 'ESN001', 1, '2019-11-21 13:51:33'),
(674, 'ESN001', 1, '2019-11-21 13:51:42'),
(675, 'ESN001', 1, '2019-11-21 13:51:52'),
(676, 'ESN001', 1, '2019-11-21 13:52:01'),
(677, 'ESN001', 1, '2019-11-21 13:52:10'),
(678, 'ESN001', 1, '2019-11-21 14:09:30'),
(679, 'ESN001', 1, '2019-11-21 14:09:39'),
(680, 'ESN001', 1, '2019-11-21 14:09:48'),
(681, 'ESN001', 1, '2019-11-21 14:09:57'),
(682, 'ESN001', 1, '2019-11-21 14:10:07'),
(683, 'ESN001', 1, '2019-11-21 14:10:16'),
(684, 'ESN001', 1, '2019-11-21 14:10:25'),
(685, 'ESN001', 1, '2019-11-21 14:10:34'),
(686, 'ESN001', 1, '2019-11-21 14:10:44'),
(687, 'ESN001', 1, '2019-11-21 14:10:53'),
(688, 'ESN001', 1, '2019-11-21 14:11:02'),
(689, 'ESN001', 1, '2019-11-21 14:11:11'),
(690, 'ESN001', 1, '2019-11-21 14:11:21'),
(691, 'ESN001', 1, '2019-11-21 14:11:30'),
(692, 'ESN001', 1, '2019-11-21 14:11:40'),
(693, 'ESN001', 1, '2019-11-21 14:11:49'),
(694, 'ESN001', 1, '2019-11-21 14:11:59'),
(695, 'ESN001', 1, '2019-11-21 14:12:08'),
(696, 'ESN001', 1, '2019-11-21 14:12:18'),
(697, 'ESN001', 1, '2019-11-21 14:12:27'),
(698, 'ESN001', 1, '2019-11-21 14:12:37'),
(699, 'ESN001', 1, '2019-11-21 14:12:46'),
(700, 'ESN001', 1, '2019-11-21 14:12:55'),
(701, 'ESN001', 1, '2019-11-21 14:13:04'),
(702, 'ESN001', 1, '2019-11-21 14:13:14'),
(703, 'ESN001', 1, '2019-11-21 14:13:23'),
(704, 'ESN001', 1, '2019-11-21 14:13:32'),
(705, 'ESN001', 1, '2019-11-21 14:13:41'),
(706, 'ESN001', 1, '2019-11-21 14:13:51'),
(707, 'ESN001', 1, '2019-11-21 14:14:00'),
(708, 'ESN001', 1, '2019-11-21 14:14:09'),
(709, 'ESN001', 1, '2019-11-21 14:14:19'),
(710, 'ESN001', 1, '2019-11-21 14:14:28'),
(711, 'ESN001', 1, '2019-11-21 14:14:37'),
(712, 'ESN001', 1, '2019-11-21 14:14:47'),
(713, 'ESN001', 1, '2019-11-21 14:14:56'),
(714, 'ESN001', 1, '2019-11-21 14:15:05'),
(715, 'ESN001', 1, '2019-11-21 14:15:14'),
(716, 'ESN001', 1, '2019-11-21 14:15:24'),
(717, 'ESN001', 1, '2019-11-21 14:15:33'),
(718, 'ESN001', 1, '2019-11-21 14:15:42'),
(719, 'ESN001', 1, '2019-11-21 14:15:52'),
(720, 'ESN001', 1, '2019-11-21 14:16:01'),
(721, 'ESN001', 1, '2019-11-21 14:16:10'),
(722, 'ESN001', 1, '2019-11-21 14:16:19'),
(723, 'ESN001', 1, '2019-11-21 14:16:29'),
(724, 'ESN001', 1, '2019-11-21 14:16:38'),
(725, 'ESN001', 1, '2019-11-21 14:16:47'),
(726, 'ESN001', 1, '2019-11-21 14:16:57'),
(727, 'ESN001', 1, '2019-11-21 14:17:06'),
(728, 'ESN001', 1, '2019-11-21 14:17:15'),
(729, 'ESN001', 1, '2019-11-21 14:17:25'),
(730, 'ESN001', 1, '2019-11-21 14:17:34'),
(731, 'ESN001', 1, '2019-11-21 14:17:43'),
(732, 'ESN001', 1, '2019-11-21 14:17:52'),
(733, 'ESN001', 1, '2019-11-21 14:18:02'),
(734, 'ESN001', 1, '2019-11-21 14:18:11'),
(735, 'ESN001', 1, '2019-11-21 14:18:20'),
(736, 'ESN001', 1, '2019-11-21 14:18:29'),
(737, 'ESN001', 1, '2019-11-21 14:18:39'),
(738, 'ESN001', 1, '2019-11-21 14:18:48'),
(739, 'ESN001', 1, '2019-11-21 14:18:57'),
(740, 'ESN001', 1, '2019-11-21 14:19:07'),
(741, 'ESN001', 1, '2019-11-21 14:19:16'),
(742, 'ESN001', 1, '2019-11-21 14:19:26'),
(743, 'ESN001', 1, '2019-11-21 14:19:35'),
(744, 'ESN001', 1, '2019-11-21 14:19:44'),
(745, 'ESN001', 1, '2019-11-21 14:19:53'),
(746, 'ESN001', 1, '2019-11-21 14:20:03'),
(747, 'ESN001', 1, '2019-11-21 14:20:12'),
(748, 'ESN001', 1, '2019-11-21 14:20:21'),
(749, 'ESN001', 1, '2019-11-21 14:20:30'),
(750, 'ESN001', 1, '2019-11-21 14:20:40'),
(751, 'ESN001', 1, '2019-11-21 14:20:49'),
(752, 'ESN001', 1, '2019-11-21 14:20:58'),
(753, 'ESN001', 1, '2019-11-21 14:21:08');

--
-- Indexes for dumped tables
--

--
-- Indexes for table `energy_reading`
--
ALTER TABLE `energy_reading`
  ADD PRIMARY KEY (`id`);

--
-- Indexes for table `relay_control`
--
ALTER TABLE `relay_control`
  ADD PRIMARY KEY (`id`);

--
-- Indexes for table `sensor`
--
ALTER TABLE `sensor`
  ADD PRIMARY KEY (`id`);

--
-- Indexes for table `wind_speed_reading`
--
ALTER TABLE `wind_speed_reading`
  ADD PRIMARY KEY (`id`);

--
-- AUTO_INCREMENT for dumped tables
--

--
-- AUTO_INCREMENT for table `energy_reading`
--
ALTER TABLE `energy_reading`
  MODIFY `id` int(11) NOT NULL AUTO_INCREMENT, AUTO_INCREMENT=988;

--
-- AUTO_INCREMENT for table `relay_control`
--
ALTER TABLE `relay_control`
  MODIFY `id` int(11) NOT NULL AUTO_INCREMENT, AUTO_INCREMENT=6;

--
-- AUTO_INCREMENT for table `wind_speed_reading`
--
ALTER TABLE `wind_speed_reading`
  MODIFY `id` int(11) NOT NULL AUTO_INCREMENT, AUTO_INCREMENT=754;
COMMIT;

/*!40101 SET CHARACTER_SET_CLIENT=@OLD_CHARACTER_SET_CLIENT */;
/*!40101 SET CHARACTER_SET_RESULTS=@OLD_CHARACTER_SET_RESULTS */;
/*!40101 SET COLLATION_CONNECTION=@OLD_COLLATION_CONNECTION */;
